id,url,type,title,slug,label,published,publishedFormatted,byLines,authors,thumbnail,thumbnailCredit,thumbnailCaption,intro,excerpt,body,primaryCategory,categories,tags,userHasAccess,shouldPreview,isGenesisPreview,isPreview,previewDescription,previewThumbnail,previewSponsorLink,previewSponsorEmailOptIn,previewFeedThumbnail,previewUnlockedBy,isSponsored,sponsor,wordCount,readingTime,customFields
117139,https://www.theblockcrypto.com/news+/117139/microstrategy-bitcoin-bet-what-happens-if-btc-crashes,daily,What happens to MicroStrategy's multi-billion dollar bitcoin bet if BTC crashes?,microstrategy-bitcoin-bet-what-happens-if-btc-crashes,Analysis,2021-09-10T14:41:30-04:00,"September 10, 2021, 2:41PM EDT","by <a href=""https://www.theblockcrypto.com/author/yogita-khatri"">Yogita Khatri</a>","[{'id': 294, 'name': 'Yogita Khatri', 'thumbnail': 'https://www.tbstat.com/wp/uploads/2020/07/Yogita-Kathri@0.5x-300x300.jpg', 'url': 'https://www.theblockcrypto.com/author/yogita-khatri', 'slug': 'yogita-khatri'}]",https://www.tbstat.com/wp/uploads/2021/09/20200907_Michael_Saylor_Bitcoin-1200x675.jpg,,,"<h4>Quick Take</h4>
<ul>
<li>MicroStrategy has invested nearly $3 billion in bitcoin.</li>
<li>The bet is largely backed by loans worth over $2 billion.</li>
<li>What happens if bitcoin (BTC) crashes?</li>
</ul>
",MicroStrategy has spent nearly $3 billion on its bitcoin bet. It raised most of that money by issuing loans. What happens if BTC crashes?,"<h4>Quick Take</h4>
<ul>
<li>MicroStrategy has invested nearly $3 billion in bitcoin.</li>
<li>The bet is largely backed by loans worth over $2 billion.</li>
<li>What happens if bitcoin (BTC) crashes?</li>
</ul>
","{'name': 'Bitcoin', 'url': 'https://www.theblockcrypto.com/category/bitcoin'}","[{'name': 'Bitcoin', 'slug': 'bitcoin', 'taxonomy': 'category'}, {'name': 'Companies', 'slug': 'companies', 'taxonomy': 'category'}]","[{'name': '$BTC', 'slug': 'btc', 'taxonomy': 'post_tag'}, {'name': 'bitcoin', 'slug': 'bitcoin', 'taxonomy': 'post_tag'}, {'name': 'bitcoin bet', 'slug': 'bitcoin-bet', 'taxonomy': 'post_tag'}, {'name': 'MicroStrategy', 'slug': 'microstrategy', 'taxonomy': 'post_tag'}, {'name': 'MSTR', 'slug': 'mstr', 'taxonomy': 'post_tag'}]",False,False,False,False,,,"{'url': '', 'title': ''}",,,,False,,1319,7 min read,"{'label': 'Analysis', 'intro': '<h4>Quick Take</h4>\n<ul>\n<li>MicroStrategy has invested nearly $3 billion in bitcoin.</li>\n<li>The bet is largely backed by loans worth over $2 billion.</li>\n<li>What happens if bitcoin (BTC) crashes?</li>\n</ul>\n'}"
116957,https://www.theblockcrypto.com/news+/116957/nft-generative-art-future,daily,How the NFT boom has changed the game for generative artists — and what that means for the future of the genre,nft-generative-art-future,Feature,2021-09-08T14:24:22-04:00,"September 8, 2021, 2:24PM EDT","by <a href=""https://www.theblockcrypto.com/author/ryan-weeks"">Ryan Weeks</a>","[{'id': 1855, 'name': 'Ryan Weeks', 'thumbnail': 'https://www.tbstat.com/wp/uploads/2020/12/Ryan-Weeks@0.33x-300x300.jpg', 'url': 'https://www.theblockcrypto.com/author/ryan-weeks', 'slug': 'ryan-weeks'}]",https://www.tbstat.com/wp/uploads/2021/09/20210907_Generative_NFTs-1200x675.jpg,"<span class=""acf-media-credit""><span class=""acf-credit""><span class=""acf-credit""><a href=""https://www.shutterstock.com/g/Dmytro+Rudas"" target=""_blank"">shutterstock.com</a></span></span></span>",,"<h4>Quick Take</h4>
<ul>
<li style=""font-weight: 400;"" aria-level=""1""><span style=""font-weight: 400;"">Generative artists, who have long labored at the fringes of creative output, are now selling individual pieces for millions of dollars.</span></li>
<li style=""font-weight: 400;"" aria-level=""1""><span style=""font-weight: 400;"">But their success is closely linked with rampant NFT speculation, and there are fears that the genre may be diluted.</span></li>
</ul>
","Generative artists are suddenly selling individual pieces for millions of dollars, but are random item generators cheapening the genre?","<h4>Quick Take</h4>
<ul>
<li style=""font-weight: 400;"" aria-level=""1""><span style=""font-weight: 400;"">Generative artists, who have long labored at the fringes of creative output, are now selling individual pieces for millions of dollars.</span></li>
<li style=""font-weight: 400;"" aria-level=""1""><span style=""font-weight: 400;"">But their success is closely linked with rampant NFT speculation, and there are fears that the genre may be diluted.</span></li>
</ul>
","{'name': 'NFT', 'url': 'https://www.theblockcrypto.com/category/nft'}","[{'name': 'Ethereum', 'slug': 'ethereum', 'taxonomy': 'category'}, {'name': 'Investments', 'slug': 'investments', 'taxonomy': 'category'}, {'name': 'NFT', 'slug': 'nft', 'taxonomy': 'category'}, {'name': 'People', 'slug': 'people', 'taxonomy': 'category'}]","[{'name': '0N1 Force', 'slug': '0n1-force', 'taxonomy': 'post_tag'}, {'name': 'Art Blocks', 'slug': 'art-blocks', 'taxonomy': 'post_tag'}, {'name': 'Bored Ape Yacht Club', 'slug': 'bored-ape-yacht-club', 'taxonomy': 'post_tag'}, {'name': 'generative art', 'slug': 'generative-art', 'taxonomy': 'post_tag'}]",False,False,False,False,,,"{'url': '', 'title': ''}",,,,False,,1295,6 min read,"{'label': 'Feature', 'intro': '<h4>Quick Take</h4>\n<ul>\n<li style=""font-weight: 400;"" aria-level=""1""><span style=""font-weight: 400;"">Generative artists, who have long labored at the fringes of creative output, are now selling individual pieces for millions of dollars.</span></li>\n<li style=""font-weight: 400;"" aria-level=""1""><span style=""font-weight: 400;"">But their success is closely linked with rampant NFT speculation, and there are fears that the genre may be diluted.</span></li>\n</ul>\n'}"
116795,https://www.theblockcrypto.com/news+/116795/from-uber-to-revolut-to-bitpanda-inside-irina-scarlats-formula-for-hyper-growth,daily,From Uber to Revolut to Bitpanda: Inside Irina Scarlat’s formula for ‘hyper-growth’,from-uber-to-revolut-to-bitpanda-inside-irina-scarlats-formula-for-hyper-growth,Feature,2021-09-07T13:01:50-04:00,"September 7, 2021, 1:01PM EDT","by <a href=""https://www.theblockcrypto.com/author/ryan-weeks"">Ryan Weeks</a>","[{'id': 1855, 'name': 'Ryan Weeks', 'thumbnail': 'https://www.tbstat.com/wp/uploads/2020/12/Ryan-Weeks@0.33x-300x300.jpg', 'url': 'https://www.theblockcrypto.com/author/ryan-weeks', 'slug': 'ryan-weeks'}]",https://www.tbstat.com/wp/uploads/2021/09/20210907_Irina_Scarlat_Bitpanda-1200x675.jpg,,,"<h4>Quick Take</h4>
<ul>
<li style=""font-weight: 400;"" aria-level=""1""><span style=""font-weight: 400;"">Bitpanda’s newly-hired chief growth Irina Scarlat officer aims to grow the platform’s user base to ten million people by the end of next year. </span></li>
<li style=""font-weight: 400;"" aria-level=""1""><span style=""font-weight: 400;"">Scarlat is acutely aware of the pressure that such rapid growth can exert on staff, but believes that helping junior staff to prioritize tasks prevents them ‘running like a hamster in a wheel and not actually delivering results.’</span></li>
</ul>
",Bitpanda’s newly-hired chief growth officer has a plan for growing the platform’s user base to ten million people by the end of next year. ,"<h4>Quick Take</h4>
<ul>
<li style=""font-weight: 400;"" aria-level=""1""><span style=""font-weight: 400;"">Bitpanda’s newly-hired chief growth Irina Scarlat officer aims to grow the platform’s user base to ten million people by the end of next year. </span></li>
<li style=""font-weight: 400;"" aria-level=""1""><span style=""font-weight: 400;"">Scarlat is acutely aware of the pressure that such rapid growth can exert on staff, but believes that helping junior staff to prioritize tasks prevents them ‘running like a hamster in a wheel and not actually delivering results.’</span></li>
</ul>
","{'name': 'Fintech', 'url': 'https://www.theblockcrypto.com/category/fintech'}","[{'name': 'Bitcoin', 'slug': 'bitcoin', 'taxonomy': 'category'}, {'name': 'Companies', 'slug': 'companies', 'taxonomy': 'category'}, {'name': 'Fintech', 'slug': 'fintech', 'taxonomy': 'category'}, {'name': 'Funding', 'slug': 'funding', 'taxonomy': 'category'}, {'name': 'Investments', 'slug': 'investments', 'taxonomy': 'category'}, {'name': 'People', 'slug': 'people', 'taxonomy': 'category'}, {'name': 'Technology', 'slug': 'technology', 'taxonomy': 'category'}]","[{'name': 'Bitpanda', 'slug': 'bitpanda', 'taxonomy': 'post_tag'}, {'name': 'Culture', 'slug': 'culture', 'taxonomy': 'post_tag'}, {'name': 'startups', 'slug': 'startups', 'taxonomy': 'post_tag'}]",False,False,False,False,,,"{'url': '', 'title': ''}",,,,False,,1015,5 min read,"{'label': 'Feature', 'intro': '<h4>Quick Take</h4>\n<ul>\n<li style=""font-weight: 400;"" aria-level=""1""><span style=""font-weight: 400;"">Bitpanda’s newly-hired chief growth Irina Scarlat officer aims to grow the platform’s user base to ten million people by the end of next year.\xa0</span></li>\n<li style=""font-weight: 400;"" aria-level=""1""><span style=""font-weight: 400;"">Scarlat is acutely aware of the pressure that such rapid growth can exert on staff, but believes that helping junior staff to prioritize tasks prevents them ‘running like a hamster in a wheel and not actually delivering results.’</span></li>\n</ul>\n'}"
116524,https://www.theblockcrypto.com/news+/116524/how-the-most-profitable-nft-collectors-decide-what-to-invest-in,daily,How the most profitable NFT collectors decide what to invest in,how-the-most-profitable-nft-collectors-decide-what-to-invest-in,Feature,2021-09-03T11:23:38-04:00,"September 3, 2021, 11:23AM EDT","by <a href=""https://www.theblockcrypto.com/author/tim-copeland"">Tim Copeland</a>","[{'id': 4356, 'name': 'Tim Copeland', 'thumbnail': 'https://www.tbstat.com/wp/uploads/2021/06/IMG_78071-copy1-300x300.jpg', 'url': 'https://www.theblockcrypto.com/author/tim-copeland', 'slug': 'tim-copeland'}]",https://www.tbstat.com/wp/uploads/2021/09/20210903_Valuing_NFts-1200x675.jpg,,,"<h4>Quick Take</h4>
<ul>
<li>Some NFTs have skyrocketed in value over the last few months while others have floundered.</li>
<li>Here&#8217;s how successful NFT investors evaluate which artworks are worth buying.</li>
</ul>
",We spoke with three of the most profitable NFT collectors to find out how they decide which artworks to spend their money on.,"<h4>Quick Take</h4>
<ul>
<li>Some NFTs have skyrocketed in value over the last few months while others have floundered.</li>
<li>Here&#8217;s how successful NFT investors evaluate which artworks are worth buying.</li>
</ul>
","{'name': 'NFT', 'url': 'https://www.theblockcrypto.com/category/nft'}","[{'name': 'Ethereum', 'slug': 'ethereum', 'taxonomy': 'category'}, {'name': 'NFT', 'slug': 'nft', 'taxonomy': 'category'}]","[{'name': 'art', 'slug': 'art', 'taxonomy': 'post_tag'}, {'name': 'Ethereum', 'slug': 'ethereum', 'taxonomy': 'post_tag'}, {'name': 'money', 'slug': 'money', 'taxonomy': 'post_tag'}, {'name': 'NFT', 'slug': 'nft', 'taxonomy': 'post_tag'}, {'name': 'value', 'slug': 'value', 'taxonomy': 'post_tag'}]",False,False,False,False,,,"{'url': '', 'title': ''}",,,,False,,1195,6 min read,"{'label': 'Feature', 'intro': '<h4>Quick Take</h4>\n<ul>\n<li>Some NFTs have skyrocketed in value over the last few months while others have floundered.</li>\n<li>Here&#8217;s how successful NFT investors evaluate which artworks are worth buying.</li>\n</ul>\n'}"
116361,https://www.theblockcrypto.com/news+/116361/how-do-you-fractionalize-an-nft,daily,What the heck is a fractionalized NFT?,how-do-you-fractionalize-an-nft,Feature,2021-09-01T15:44:15-04:00,"September 1, 2021, 3:44PM EDT","by <a href=""https://www.theblockcrypto.com/author/mk-manoylov"">MK Manoylov</a>","[{'id': 1836, 'name': 'MK Manoylov', 'thumbnail': 'https://www.tbstat.com/wp/uploads/2020/07/MK-300x300.jpeg', 'url': 'https://www.theblockcrypto.com/author/mk-manoylov', 'slug': 'mk-manoylov'}]",https://www.tbstat.com/wp/uploads/2021/08/20210826_Fractionalized_NFTs-1200x675.jpg,,,"<h4>Quick Take</h4>
<ul>
<li>NFT owners are now turning them into many tradeable ERC-20 tokens called &#8220;fractions.&#8221;</li>
<li>What the heck is a fractionalized NFT? How does it work? Why are people doing it? </li>
</ul>
",Interested in buying an NFT but can't afford the steep prices? Now you can buy a fraction of an NFT instead. Here's how it works. ,"<h4>Quick Take</h4>
<ul>
<li>NFT owners are now turning them into many tradeable ERC-20 tokens called &#8220;fractions.&#8221;</li>
<li>What the heck is a fractionalized NFT? How does it work? Why are people doing it? </li>
</ul>
","{'name': 'NFT', 'url': 'https://www.theblockcrypto.com/category/nft'}","[{'name': 'NFT', 'slug': 'nft', 'taxonomy': 'category'}, {'name': 'Technology', 'slug': 'technology', 'taxonomy': 'category'}]","[{'name': 'cryptopunks', 'slug': 'cryptopunks', 'taxonomy': 'post_tag'}, {'name': 'etherocks', 'slug': 'etherocks', 'taxonomy': 'post_tag'}, {'name': 'Fractional', 'slug': 'fractional', 'taxonomy': 'post_tag'}, {'name': 'Partybid', 'slug': 'partybid', 'taxonomy': 'post_tag'}]",False,False,False,False,,,"{'url': '', 'title': ''}",,,,False,,1103,6 min read,"{'label': 'Feature', 'intro': '<h4>Quick Take</h4>\n<ul>\n<li>NFT owners are now turning them into many tradeable ERC-20 tokens called &#8220;fractions.&#8221;</li>\n<li>What the heck is a fractionalized NFT? How does it work? Why are people doing it?\xa0</li>\n</ul>\n'}"
116267,https://www.theblockcrypto.com/news+/116267/34-key-crypto-hires-and-moves-august-2021,daily,34 key crypto hires and moves: August 2021,34-key-crypto-hires-and-moves-august-2021,Just In,2021-09-01T11:40:32-04:00,"September 1, 2021, 11:40AM EDT","by <a href=""https://www.theblockcrypto.com/author/tim-copeland"">Tim Copeland</a>","[{'id': 4356, 'name': 'Tim Copeland', 'thumbnail': 'https://www.tbstat.com/wp/uploads/2021/06/IMG_78071-copy1-300x300.jpg', 'url': 'https://www.theblockcrypto.com/author/tim-copeland', 'slug': 'tim-copeland'}]",https://www.tbstat.com/wp/uploads/2021/08/20210830_Crypto_hires_Sept_2021-1200x675.jpg,,,"<h4>Quick Take</h4>
<ul>
<li>August saw a flood of hiring activity, with 17 notable hires, some key promotions and two big exits.</li>
<li>We lay out all the moves you need to know about and include some industry insights.</li>
</ul>
","August was busy with big hires, plus a few unexpected exits. Here’s a summary of 34 personnel moves across the crypto space.","<h4>Quick Take</h4>
<ul>
<li>August saw a flood of hiring activity, with 17 notable hires, some key promotions and two big exits.</li>
<li>We lay out all the moves you need to know about and include some industry insights.</li>
</ul>
","{'name': 'Hiring', 'url': 'https://www.theblockcrypto.com/category/hiring'}","[{'name': 'Companies', 'slug': 'companies', 'taxonomy': 'category'}, {'name': 'Hiring', 'slug': 'hiring', 'taxonomy': 'category'}, {'name': 'People', 'slug': 'people', 'taxonomy': 'category'}]","[{'name': 'binance', 'slug': 'binance', 'taxonomy': 'post_tag'}, {'name': 'coinbase', 'slug': 'coinbase', 'taxonomy': 'post_tag'}, {'name': 'Crypto jobs', 'slug': 'crypto-jobs', 'taxonomy': 'post_tag'}, {'name': 'hiring', 'slug': 'hiring', 'taxonomy': 'post_tag'}, {'name': 'Jobs', 'slug': 'jobs', 'taxonomy': 'post_tag'}, {'name': 'PayPal', 'slug': 'paypal', 'taxonomy': 'post_tag'}]",False,False,False,False,,,"{'url': '', 'title': ''}",,,,False,,1029,5 min read,"{'label': 'Just In', 'intro': '<h4>Quick Take</h4>\n<ul>\n<li>August saw a flood of hiring activity, with 17 notable hires, some key promotions and two big exits.</li>\n<li>We lay out all the moves you need to know about and include some industry insights.</li>\n</ul>\n'}"
116203,https://www.theblockcrypto.com/news+/116203/a-billion-dollar-dispute-over-a-trove-of-silk-road-bitcoins-could-reveal-identity-of-individual-x,daily,A billion-dollar dispute over a trove of Silk Road bitcoins could reveal identity of 'Individual X',a-billion-dollar-dispute-over-a-trove-of-silk-road-bitcoins-could-reveal-identity-of-individual-x,Feature,2021-08-31T16:35:26-04:00,"August 31, 2021, 4:35PM EDT","by <a href=""https://www.theblockcrypto.com/author/aislinn-keely"">Aislinn Keely</a>","[{'id': 229, 'name': 'Aislinn Keely', 'thumbnail': 'https://www.tbstat.com/wp/uploads/2020/07/Aislinn-Kelly@0.33x-300x300.jpg', 'url': 'https://www.theblockcrypto.com/author/aislinn-keely', 'slug': 'aislinn-keely'}]",https://www.tbstat.com/wp/uploads/2021/06/20210625_Ransomware-Bitcoin-1200x675.jpg,"<span class=""acf-media-credit""><span class=""acf-credit""><span class=""acf-credit""><a href=""https://www.theblockcrypto.com/"" target=""_blank"">The Block</a></span></span></span>",,"<h4>Quick Take</h4>
<ul>
<li>Last November, the U.S. government seized a trove of bitcoin said to be connected to the now-defunct dark web marketplace Silk Road.</li>
<li>The Department of Justice detailed the activities of someone identified only as “Individual X” who, in the government’s telling, stole the BTC from Silk Road between 2012 and 2013.</li>
<li>An entrepreneur is laying claim to the bitcoin, saying an accused Las Vegas fraudster was in control of it when a court compelled him to turn over his assets to the entrepreneur after a court ruling. </li>
<li>The court case creates narratives surrounding the identity of Individual X, which the government claims are false, but the ongoing legal battle could yield more clues to the mystery person&#8217;s true identity.</li>
</ul>
","The case makes claims about the possible identity of the hacker, which the government says are false, but the legal battle could yield more clues.","<h4>Quick Take</h4>
<ul>
<li>Last November, the U.S. government seized a trove of bitcoin said to be connected to the now-defunct dark web marketplace Silk Road.</li>
<li>The Department of Justice detailed the activities of someone identified only as “Individual X” who, in the government’s telling, stole the BTC from Silk Road between 2012 and 2013.</li>
<li>An entrepreneur is laying claim to the bitcoin, saying an accused Las Vegas fraudster was in control of it when a court compelled him to turn over his assets to the entrepreneur after a court ruling. </li>
<li>The court case creates narratives surrounding the identity of Individual X, which the government claims are false, but the ongoing legal battle could yield more clues to the mystery person&#8217;s true identity.</li>
</ul>
","{'name': 'Legal', 'url': 'https://www.theblockcrypto.com/category/legal'}","[{'name': 'Legal', 'slug': 'legal', 'taxonomy': 'category'}]","[{'name': 'DoJ', 'slug': 'doj', 'taxonomy': 'post_tag'}, {'name': 'hack', 'slug': 'hack', 'taxonomy': 'post_tag'}, {'name': 'legal', 'slug': 'legal', 'taxonomy': 'post_tag'}, {'name': 'Silk Road', 'slug': 'silk-road', 'taxonomy': 'post_tag'}]",False,False,False,False,,,"{'url': '', 'title': ''}",,,,False,,1186,6 min read,"{'label': 'Feature', 'intro': '<h4>Quick Take</h4>\n<ul>\n<li>Last November, the U.S. government seized a trove of bitcoin said to be connected to the now-defunct dark web marketplace Silk Road.</li>\n<li>The Department of Justice detailed the activities of someone identified only as “Individual X” who, in the government’s telling, stole the BTC from Silk Road between 2012 and 2013.</li>\n<li>An entrepreneur is laying claim to the bitcoin, saying an accused Las Vegas fraudster was in control of it when a court compelled him to turn over his assets to the entrepreneur after a court ruling.\xa0</li>\n<li>The court case creates narratives surrounding the identity of Individual X, which the government claims are false, but the ongoing legal battle could yield more clues to the mystery person&#8217;s true identity.</li>\n</ul>\n'}"
115829,https://www.theblockcrypto.com/news+/115829/brazils-public-instant-payment-system-pix-crypto,daily,Why Brazil’s public instant payment system became so popular — and what that means for crypto,brazils-public-instant-payment-system-pix-crypto,Analysis,2021-08-27T13:25:53-04:00,"August 27, 2021, 1:25PM EDT","by <a href=""https://www.theblockcrypto.com/author/kristin-majcher"">Kristin Majcher</a>","[{'id': 1740, 'name': 'Kristin Majcher', 'thumbnail': None, 'url': 'https://www.theblockcrypto.com/author/kristin-majcher', 'slug': 'kristin-majcher'}]",https://www.tbstat.com/wp/uploads/2021/05/20210520_Brazil_Crypto_Hub-1200x675.jpg,,,"<h4>Quick Take</h4>
<ul>
<li>Brazil&#8217;s central bank recently revealed new data pertaining to its real-time payment system, called Pix, which show the platform taking off.</li>
<li>Now the bank is trying to make sense of the simultaneously rising demand for crypto — not for payments but as an investment class. </li>
</ul>
","New data show that Brazil's state-backed digital payments platform, Pix, is quickly growing in popularity. Where does that leave crypto?","<h4>Quick Take</h4>
<ul>
<li>Brazil&#8217;s central bank recently revealed new data pertaining to its real-time payment system, called Pix, which show the platform taking off.</li>
<li>Now the bank is trying to make sense of the simultaneously rising demand for crypto — not for payments but as an investment class. </li>
</ul>
","{'name': 'Payments and Banking', 'url': 'https://www.theblockcrypto.com/category/payments-banking'}","[{'name': 'Bitcoin', 'slug': 'bitcoin', 'taxonomy': 'category'}, {'name': 'Central Bank', 'slug': 'central-bank', 'taxonomy': 'category'}, {'name': 'Cryptocurrency', 'slug': 'cryptocurrency', 'taxonomy': 'category'}, {'name': 'Payments and Banking', 'slug': 'payments-banking', 'taxonomy': 'category'}]","[{'name': 'brazil', 'slug': 'brazil', 'taxonomy': 'post_tag'}, {'name': 'payments', 'slug': 'payments', 'taxonomy': 'post_tag'}, {'name': 'PIX', 'slug': 'pix', 'taxonomy': 'post_tag'}]",False,False,False,False,,,"{'url': '', 'title': ''}",,,,False,,915,5 min read,"{'label': 'Analysis', 'intro': '<h4>Quick Take</h4>\n<ul>\n<li>Brazil&#8217;s central bank recently revealed new data pertaining to its real-time payment system, called Pix, which show the platform taking off.</li>\n<li>Now the bank is trying to make sense of the simultaneously rising demand for crypto — not for payments but as an investment class.\xa0</li>\n</ul>\n'}"
115771,https://www.theblockcrypto.com/news+/115771/1inch-network-series-b-plans-2-25-billion-valuation,daily,1inch Network is looking to raise Series B at a $2.25 billion valuation,1inch-network-series-b-plans-2-25-billion-valuation,Exclusive,2021-08-26T17:37:05-04:00,"August 26, 2021, 5:37PM EDT","by <a href=""https://www.theblockcrypto.com/author/yogita-khatri"">Yogita Khatri</a>","[{'id': 294, 'name': 'Yogita Khatri', 'thumbnail': 'https://www.tbstat.com/wp/uploads/2020/07/Yogita-Kathri@0.5x-300x300.jpg', 'url': 'https://www.theblockcrypto.com/author/yogita-khatri', 'slug': 'yogita-khatri'}]",https://www.tbstat.com/wp/uploads/2020/12/20201202_1inch-Daily-1200x675.png,"<span class=""acf-media-credit""><span class=""acf-credit""><span class=""acf-credit""><a href=""theblockcrypto.com"" target=""_blank"">the block</a></span></span></span>",,"<h4>Quick Take</h4>
<ul>
<li>1inch Network is in the process of raising a Series B round at a valuation of $2.25 billion, The Block has learned.</li>
<li>1inch is targeting a raise of $70 million in this round. </li>
</ul>
","1inch Network is in the process of raising a Series B round at a pre-money valuation of $2.25 billion, The Block has learned.","<h4>Quick Take</h4>
<ul>
<li>1inch Network is in the process of raising a Series B round at a valuation of $2.25 billion, The Block has learned.</li>
<li>1inch is targeting a raise of $70 million in this round. </li>
</ul>
","{'name': 'Funding', 'url': 'https://www.theblockcrypto.com/category/funding'}","[{'name': 'Funding', 'slug': 'funding', 'taxonomy': 'category'}]","[{'name': '1inch', 'slug': '1inch', 'taxonomy': 'post_tag'}, {'name': '1inch Network', 'slug': '1inch-network', 'taxonomy': 'post_tag'}, {'name': 'DeFi', 'slug': 'defi', 'taxonomy': 'post_tag'}, {'name': 'funding rounds', 'slug': 'funding-rounds', 'taxonomy': 'post_tag'}, {'name': 'series b', 'slug': 'series-b', 'taxonomy': 'post_tag'}]",False,False,False,False,,,"{'url': '', 'title': ''}",,,,False,,533,3 min read,"{'label': 'Exclusive', 'intro': '<h4>Quick Take</h4>\n<ul>\n<li>1inch Network is in the process of raising a Series B round at a valuation of $2.25 billion, The Block has learned.</li>\n<li>1inch is targeting a raise of $70 million in this round.\xa0</li>\n</ul>\n'}"
115532,https://www.theblockcrypto.com/news+/115532/this-nft-project-is-literally-putting-poetry-on-the-blockchain,daily,This NFT project is literally putting poetry on the blockchain,this-nft-project-is-literally-putting-poetry-on-the-blockchain,Feature,2021-08-25T14:38:35-04:00,"August 25, 2021, 2:38PM EDT","by <a href=""https://www.theblockcrypto.com/author/saniya-more"">Saniya More</a>","[{'id': 1329, 'name': 'Saniya More', 'thumbnail': 'https://www.tbstat.com/wp/uploads/2021/03/Saniya@0.5x-300x300.jpg', 'url': 'https://www.theblockcrypto.com/author/saniya-more', 'slug': 'saniya-more'}]",https://www.tbstat.com/wp/uploads/2021/07/20210726_Ether_Poems-1200x675.jpg,,,"<h4>Quick Take</h4>
<ul>
<li>Etherpoems is a new non-fungible token (NFT) collective that is minting poems and putting them directly on-chain.</li>
<li>So far, the project has released two collections of poetry NFTs. </li>
<li>Despite Etherpoems&#8217; novelty, the collective has struggled to generate the same level of activity as other NFT projects that have recently taken the cryptoverse by storm. </li>
</ul>
",Etherpoems is a new non-fungible token collective that is determined to turn poems into digital assets. ,"<h4>Quick Take</h4>
<ul>
<li>Etherpoems is a new non-fungible token (NFT) collective that is minting poems and putting them directly on-chain.</li>
<li>So far, the project has released two collections of poetry NFTs. </li>
<li>Despite Etherpoems&#8217; novelty, the collective has struggled to generate the same level of activity as other NFT projects that have recently taken the cryptoverse by storm. </li>
</ul>
","{'name': 'NFT', 'url': 'https://www.theblockcrypto.com/category/nft'}","[{'name': 'NFT', 'slug': 'nft', 'taxonomy': 'category'}]","[{'name': 'CI Galaxy Ether ETF', 'slug': 'ci-galaxy-ether-etf', 'taxonomy': 'post_tag'}, {'name': 'Ethereum', 'slug': 'ethereum', 'taxonomy': 'post_tag'}, {'name': 'ethereum blockchain', 'slug': 'ethereum-blockchain', 'taxonomy': 'post_tag'}, {'name': 'etherpoems', 'slug': 'etherpoems', 'taxonomy': 'post_tag'}, {'name': 'NFT', 'slug': 'nft', 'taxonomy': 'post_tag'}, {'name': 'Non-fungible tokens', 'slug': 'non-fungible-tokens', 'taxonomy': 'post_tag'}, {'name': 'on-chain', 'slug': 'on-chain', 'taxonomy': 'post_tag'}, {'name': 'poems', 'slug': 'poems', 'taxonomy': 'post_tag'}, {'name': 'poetry', 'slug': 'poetry', 'taxonomy': 'post_tag'}]",False,False,False,False,,,"{'url': '', 'title': ''}",,,,False,,797,4 min read,"{'label': 'Feature', 'intro': '<h4>Quick Take</h4>\n<ul>\n<li>Etherpoems is a new non-fungible token (NFT) collective that is minting poems and putting them directly on-chain.</li>\n<li>So far, the project has released two collections of poetry NFTs.\xa0</li>\n<li>Despite Etherpoems&#8217; novelty, the collective has struggled to generate the same level of activity as other NFT projects that have recently taken the cryptoverse by storm.\xa0</li>\n</ul>\n'}"
115562,https://www.theblockcrypto.com/news+/115562/celo-architect-rene-reinsberg-mobile-defi,daily,Celo architect Rene Reinsberg on how the upstart platform can widen access to DeFi,celo-architect-rene-reinsberg-mobile-defi,Feature,2021-08-24T14:44:40-04:00,"August 24, 2021, 2:44PM EDT","by <a href=""https://www.theblockcrypto.com/author/ryan-weeks"">Ryan Weeks</a>","[{'id': 1855, 'name': 'Ryan Weeks', 'thumbnail': 'https://www.tbstat.com/wp/uploads/2020/12/Ryan-Weeks@0.33x-300x300.jpg', 'url': 'https://www.theblockcrypto.com/author/ryan-weeks', 'slug': 'ryan-weeks'}]",https://www.tbstat.com/wp/uploads/2021/08/20210824_Rene_Reinsberg_Celo-1200x675.jpg,,,"<h4>Quick Take</h4>
<ul>
<li style=""font-weight: 400;"" aria-level=""1""><span style=""font-weight: 400;"">Celo is a mobile-first blockchain platform and issuer of algorithmically-managed stablecoins. </span></li>
<li><span style=""font-weight: 400;"">With the backing of influential partners, the platform’s architects are trying to get traction in emerging markets. </span></li>
</ul>
",Celo is a proof-of-stake blockchain system designed specifically for mobile devices. And the team behind it is on a mission.,"<h4>Quick Take</h4>
<ul>
<li style=""font-weight: 400;"" aria-level=""1""><span style=""font-weight: 400;"">Celo is a mobile-first blockchain platform and issuer of algorithmically-managed stablecoins. </span></li>
<li><span style=""font-weight: 400;"">With the backing of influential partners, the platform’s architects are trying to get traction in emerging markets. </span></li>
</ul>
","{'name': 'Fintech', 'url': 'https://www.theblockcrypto.com/category/fintech'}","[{'name': 'DeFi', 'slug': 'defi', 'taxonomy': 'category'}, {'name': 'Fintech', 'slug': 'fintech', 'taxonomy': 'category'}, {'name': 'Payments and Banking', 'slug': 'payments-banking', 'taxonomy': 'category'}, {'name': 'Stablecoins', 'slug': 'stablecoins', 'taxonomy': 'category'}, {'name': 'Technology', 'slug': 'technology', 'taxonomy': 'category'}]","[{'name': 'Celo', 'slug': 'celo', 'taxonomy': 'post_tag'}]",False,False,False,False,,,"{'url': '', 'title': ''}",,,,False,,1327,7 min read,"{'label': 'Feature', 'intro': '<h4>Quick Take</h4>\n<ul>\n<li style=""font-weight: 400;"" aria-level=""1""><span style=""font-weight: 400;"">Celo is a mobile-first blockchain platform and issuer of algorithmically-managed stablecoins.\xa0</span></li>\n<li><span style=""font-weight: 400;"">With the backing of influential partners, the platform’s architects are trying to get traction in emerging markets. </span></li>\n</ul>\n'}"
115397,https://www.theblockcrypto.com/news+/115397/a-conversation-with-the-artist-behind-fortunes-nft-cover,daily,A conversation with the artist behind Fortune's NFT cover,a-conversation-with-the-artist-behind-fortunes-nft-cover,Feature,2021-08-23T16:35:08-04:00,"August 23, 2021, 4:35PM EDT","by <a href=""https://www.theblockcrypto.com/author/saniya-more"">Saniya More</a>","[{'id': 1329, 'name': 'Saniya More', 'thumbnail': 'https://www.tbstat.com/wp/uploads/2021/03/Saniya@0.5x-300x300.jpg', 'url': 'https://www.theblockcrypto.com/author/saniya-more', 'slug': 'saniya-more'}]",https://www.tbstat.com/wp/uploads/2021/08/20210819_Pplpleaser-1200x675.jpg,,,"<h4>Quick Take</h4>
<ul>
<li>Digital artist pplpleasr has rocketed to fame in the crypto community following the success of the NFT-themed Fortune cover she designed. </li>
<li>The Block sat down with pplpleasr to discuss non-fungible tokens and what drives her as a creator. </li>
</ul>
",Digital artist pplpleasr has rocketed to fame thanks to her wildly successful crypto-themed Fortune cover and the NFT collection it inspired.,"<h4>Quick Take</h4>
<ul>
<li>Digital artist pplpleasr has rocketed to fame in the crypto community following the success of the NFT-themed Fortune cover she designed. </li>
<li>The Block sat down with pplpleasr to discuss non-fungible tokens and what drives her as a creator. </li>
</ul>
","{'name': 'NFT', 'url': 'https://www.theblockcrypto.com/category/nft'}","[{'name': 'NFT', 'slug': 'nft', 'taxonomy': 'category'}, {'name': 'People', 'slug': 'people', 'taxonomy': 'category'}]","[{'name': 'collection', 'slug': 'collection', 'taxonomy': 'post_tag'}, {'name': 'fortune', 'slug': 'fortune', 'taxonomy': 'post_tag'}, {'name': 'issue', 'slug': 'issue', 'taxonomy': 'post_tag'}, {'name': 'NFT', 'slug': 'nft', 'taxonomy': 'post_tag'}, {'name': 'non-fungible token', 'slug': 'non-fungible-token', 'taxonomy': 'post_tag'}, {'name': 'Pplpleasr', 'slug': 'pplpleasr', 'taxonomy': 'post_tag'}]",False,False,False,False,,,"{'url': '', 'title': ''}",,,,False,,1018,5 min read,"{'label': 'Feature', 'intro': '<h4>Quick Take</h4>\n<ul>\n<li>Digital artist pplpleasr has rocketed to fame in the crypto community following the success of the NFT-themed Fortune\xa0cover she designed.\xa0</li>\n<li>The Block sat down with pplpleasr to discuss non-fungible tokens and what drives her as a creator.\xa0</li>\n</ul>\n'}"
115199,https://www.theblockcrypto.com/news+/115199/squiggles-art-blocks-nft-frenzy,daily,Squiggles maker Art Blocks ‘can’t keep art live on the platform’ amid NFT frenzy,squiggles-art-blocks-nft-frenzy,Feature,2021-08-21T10:24:40-04:00,"August 21, 2021, 10:24AM EDT","by <a href=""https://www.theblockcrypto.com/author/ryan-weeks"">Ryan Weeks</a>","[{'id': 1855, 'name': 'Ryan Weeks', 'thumbnail': 'https://www.tbstat.com/wp/uploads/2020/12/Ryan-Weeks@0.33x-300x300.jpg', 'url': 'https://www.theblockcrypto.com/author/ryan-weeks', 'slug': 'ryan-weeks'}]",https://www.tbstat.com/wp/uploads/2021/08/20210818_Artblocks_Squiggle-1200x675.jpg,,,"<h4>Quick Take</h4>
<ul>
<li style=""font-weight: 400;"" aria-level=""1""><span style=""font-weight: 400;"">Art Blocks has been one of the big winners in a resurgent NFT market.</span></li>
<li style=""font-weight: 400;"" aria-level=""1""><span style=""font-weight: 400;"">But the platform has seen artworks hoovered up so quickly that it has had to find ways to slow down crypto speculators.  </span></li>
</ul>
","The Block recently sat down with Erick Calderon, CEO of Art Blocks, to get his take on why the platform has seen such sensational sales.","<h4>Quick Take</h4>
<ul>
<li style=""font-weight: 400;"" aria-level=""1""><span style=""font-weight: 400;"">Art Blocks has been one of the big winners in a resurgent NFT market.</span></li>
<li style=""font-weight: 400;"" aria-level=""1""><span style=""font-weight: 400;"">But the platform has seen artworks hoovered up so quickly that it has had to find ways to slow down crypto speculators.  </span></li>
</ul>
","{'name': 'NFT', 'url': 'https://www.theblockcrypto.com/category/nft'}","[{'name': 'Blockchain', 'slug': 'blockchain', 'taxonomy': 'category'}, {'name': 'Cryptocurrency', 'slug': 'cryptocurrency', 'taxonomy': 'category'}, {'name': 'Ethereum', 'slug': 'ethereum', 'taxonomy': 'category'}, {'name': 'NFT', 'slug': 'nft', 'taxonomy': 'category'}, {'name': 'Web3', 'slug': 'web3', 'taxonomy': 'category'}]","[{'name': '$ETH', 'slug': 'eth', 'taxonomy': 'post_tag'}, {'name': 'Art Blocks', 'slug': 'art-blocks', 'taxonomy': 'post_tag'}, {'name': 'NFT', 'slug': 'nft', 'taxonomy': 'post_tag'}]",False,False,False,False,,,"{'url': '', 'title': ''}",,,,False,,1102,6 min read,"{'label': 'Feature', 'intro': '<h4>Quick Take</h4>\n<ul>\n<li style=""font-weight: 400;"" aria-level=""1""><span style=""font-weight: 400;"">Art Blocks has been one of the big winners in a resurgent NFT market.</span></li>\n<li style=""font-weight: 400;"" aria-level=""1""><span style=""font-weight: 400;"">But the platform has seen artworks hoovered up so quickly that it has had to find ways to slow down crypto speculators.\xa0\xa0</span></li>\n</ul>\n'}"
115158,https://www.theblockcrypto.com/news+/115158/mapping-north-america-crypto-mining-infrastructure-boom,daily,Mapping out North America’s crypto mining infrastructure boom,mapping-north-america-crypto-mining-infrastructure-boom,Analysis,2021-08-20T14:04:50-04:00,"August 20, 2021, 2:04PM EDT","by <a href=""https://www.theblockcrypto.com/author/wolfie-zhao"">Wolfie Zhao</a>","[{'id': 1941, 'name': 'Wolfie Zhao', 'thumbnail': 'https://www.tbstat.com/wp/uploads/2020/10/Wolfie-Zhao@0.5x-300x300.png', 'url': 'https://www.theblockcrypto.com/author/wolfie-zhao', 'slug': 'wolfie-zhao'}]",https://www.tbstat.com/wp/uploads/2020/11/20201117_Mining-Daily-1200x675.jpg,"<span class=""acf-media-credit""><span class=""acf-credit""><span class=""acf-credit""><a href=""theblockcrypto.com"" target=""_blank"">the block</a></span></span></span>",,"<h4>Quick Take</h4>
<ul>
<li>
<p>Based on overall hash rate loss, The Block estimates that China’s recent crypto mining shutdown unplugged roughly six gigawatts of energy generating capacity.</p>
</li>
<li>
<p>Now, more than a dozen firms are racing to restore around half of that capacity in North America.</p>
</li>
</ul>
",China's Great Crypto Mining Shutdown unplugged an estimated six GW of hosting capacity. A race is on to restore it in North America.,"<h4>Quick Take</h4>
<ul>
<li>
<p>Based on overall hash rate loss, The Block estimates that China’s recent crypto mining shutdown unplugged roughly six gigawatts of energy generating capacity.</p>
</li>
<li>
<p>Now, more than a dozen firms are racing to restore around half of that capacity in North America.</p>
</li>
</ul>
","{'name': 'Mining', 'url': 'https://www.theblockcrypto.com/category/mining'}","[{'name': 'Bitcoin', 'slug': 'bitcoin', 'taxonomy': 'category'}, {'name': 'Mining', 'slug': 'mining', 'taxonomy': 'category'}]","[{'name': 'bitcoin mining', 'slug': 'bitcoin-mining', 'taxonomy': 'post_tag'}]",False,False,False,False,,,"{'url': '', 'title': ''}",,,,False,,855,4 min read,"{'label': 'Analysis', 'intro': '<h4>Quick Take</h4>\n<ul>\n<li>\n<p>Based on overall hash rate loss, The Block estimates that China’s recent crypto mining shutdown unplugged roughly six gigawatts of energy generating capacity.</p>\n</li>\n<li>\n<p>Now, more than a dozen firms are racing to restore around half of that capacity in North America.</p>\n</li>\n</ul>\n'}"
114954,https://www.theblockcrypto.com/news+/114954/everything-you-need-to-know-about-the-stablecoin-wars,daily,Everything you need to know about the stablecoin wars,everything-you-need-to-know-about-the-stablecoin-wars,Feature,2021-08-19T17:50:32-04:00,"August 19, 2021, 5:50PM EDT","by <a href=""https://www.theblockcrypto.com/author/kollen-post"">Kollen Post</a>","[{'id': 3128, 'name': 'Kollen Post', 'thumbnail': 'https://www.tbstat.com/wp/uploads/2021/04/Kollen@0.5x-300x300.jpg', 'url': 'https://www.theblockcrypto.com/author/kollen-post', 'slug': 'kollen-post'}]",https://www.tbstat.com/wp/uploads/2021/08/20210818_War_On_Stablecoins-1200x675.jpg,,,"<h4>Quick Take</h4>
<ul>
<li>Recent months have seen drastic changes in the information that stablecoin operators disclose to the public. </li>
<li>Now, these major operators are locked in a competition to out-transparency each other.</li>
<li>Understanding what&#8217;s going on now requires first understanding the historical context.</li>
</ul>
",Transparency has become the name of the game in the stablecoin market. Here's why that is — and how the game has played out so far.,"<h4>Quick Take</h4>
<ul>
<li>Recent months have seen drastic changes in the information that stablecoin operators disclose to the public. </li>
<li>Now, these major operators are locked in a competition to out-transparency each other.</li>
<li>Understanding what&#8217;s going on now requires first understanding the historical context.</li>
</ul>
","{'name': 'Stablecoins', 'url': 'https://www.theblockcrypto.com/category/stablecoins'}","[{'name': 'Regulation', 'slug': 'regulation', 'taxonomy': 'category'}, {'name': 'Stablecoins', 'slug': 'stablecoins', 'taxonomy': 'category'}]","[{'name': '$USDT', 'slug': 'usdt', 'taxonomy': 'post_tag'}, {'name': 'CBDC', 'slug': 'cbdc', 'taxonomy': 'post_tag'}, {'name': 'Circle', 'slug': 'circle', 'taxonomy': 'post_tag'}, {'name': 'Gemini', 'slug': 'gemini', 'taxonomy': 'post_tag'}, {'name': 'government', 'slug': 'government', 'taxonomy': 'post_tag'}, {'name': 'law', 'slug': 'law', 'taxonomy': 'post_tag'}, {'name': 'stablecoins', 'slug': 'stablecoins', 'taxonomy': 'post_tag'}, {'name': 'Tether', 'slug': 'tether', 'taxonomy': 'post_tag'}, {'name': 'trueusd', 'slug': 'trueusd', 'taxonomy': 'post_tag'}, {'name': 'usdc', 'slug': 'usdc', 'taxonomy': 'post_tag'}]",False,False,False,False,,,"{'url': '', 'title': ''}",,,,False,,2722,14 min read,"{'label': 'Feature', 'intro': '<h4>Quick Take</h4>\n<ul>\n<li>Recent months have seen drastic changes in the information that stablecoin operators disclose to the public.\xa0</li>\n<li>Now, these major operators are locked in a competition to out-transparency each other.</li>\n<li>Understanding what&#8217;s going on now requires first understanding the historical context.</li>\n</ul>\n'}"
114829,https://www.theblockcrypto.com/news+/114829/a-brief-quantitative-history-of-nba-top-shot,daily,A brief quantitative history of NBA Top Shot,a-brief-quantitative-history-of-nba-top-shot,Feature,2021-08-17T15:05:02-04:00,"August 17, 2021, 3:05PM EDT","by <a href=""https://www.theblockcrypto.com/author/saniya-more"">Saniya More</a>","[{'id': 1329, 'name': 'Saniya More', 'thumbnail': 'https://www.tbstat.com/wp/uploads/2021/03/Saniya@0.5x-300x300.jpg', 'url': 'https://www.theblockcrypto.com/author/saniya-more', 'slug': 'saniya-more'}]",https://www.tbstat.com/wp/uploads/2021/08/20210811_NBA_Topshot_Growth_Decline-1200x675.jpg,,,"<h4>Quick Take</h4>
<ul>
<li>NBA Top Shot trading volumes have declined significantly since they peaked in February, but the digital marketplace remains popular among NFT collectors. </li>
<li>The digital trading card platform is on track to generate an estimated $30 million this month based on data collected in the first two weeks of August.</li>
</ul>
","Although NBA Top Shot trading volumes have fallen by 80% since they peaked earlier this year, the platform is far from dead.","<h4>Quick Take</h4>
<ul>
<li>NBA Top Shot trading volumes have declined significantly since they peaked in February, but the digital marketplace remains popular among NFT collectors. </li>
<li>The digital trading card platform is on track to generate an estimated $30 million this month based on data collected in the first two weeks of August.</li>
</ul>
","{'name': 'NFT', 'url': 'https://www.theblockcrypto.com/category/nft'}","[{'name': 'NFT', 'slug': 'nft', 'taxonomy': 'category'}]","[{'name': 'Basketball', 'slug': 'basketball', 'taxonomy': 'post_tag'}, {'name': 'NBA Top Shot', 'slug': 'nba-top-shot', 'taxonomy': 'post_tag'}, {'name': 'NFT', 'slug': 'nft', 'taxonomy': 'post_tag'}, {'name': 'players', 'slug': 'players', 'taxonomy': 'post_tag'}, {'name': 'season', 'slug': 'season', 'taxonomy': 'post_tag'}, {'name': 'Tokens', 'slug': 'tokens', 'taxonomy': 'post_tag'}]",False,False,False,False,,,"{'url': '', 'title': ''}",,,,False,,768,4 min read,"{'label': 'Feature', 'intro': '<h4>Quick Take</h4>\n<ul>\n<li>NBA Top Shot trading volumes have declined significantly since they peaked in February, but the digital marketplace remains popular among NFT collectors.\xa0</li>\n<li>The digital trading card platform is on track to generate an estimated $30 million this month based on data collected in the first two weeks of August.</li>\n</ul>\n'}"
114371,https://www.theblockcrypto.com/news+/114371/future-of-diem-hangs-in-the-balance-as-novi-looks-for-an-alternative,daily,Future of Diem hangs in the balance as Novi looks for an alternative,future-of-diem-hangs-in-the-balance-as-novi-looks-for-an-alternative,News,2021-08-16T17:23:04-04:00,"August 16, 2021, 5:23PM EDT","by <a href=""https://www.theblockcrypto.com/author/frank-chaparro"">Frank Chaparro</a>","[{'id': 9, 'name': 'Frank Chaparro', 'thumbnail': 'https://www.tbstat.com/wp/uploads/2020/07/Frank-Chapparo@0.75x-300x300.jpg', 'url': 'https://www.theblockcrypto.com/author/frank-chaparro', 'slug': 'frank-chaparro'}]",https://www.tbstat.com/wp/uploads/2021/08/20210812_Diem-1200x675.jpg,,,"<h4>Quick Take</h4>
<ul>
<li>A months-old partnership between Silvergate and the Diem Association has apparently hit regulatory headwinds.</li>
<li>Now Novi, Facebook&#8217;s crypto wallet subsidiary, is looking for a different stablecoin.</li>
</ul>
","Facebook's stablecoin project has run into yet another delay, and now its crypto wallet subsidiary is looking for a new stablecoin.","<h4>Quick Take</h4>
<ul>
<li>A months-old partnership between Silvergate and the Diem Association has apparently hit regulatory headwinds.</li>
<li>Now Novi, Facebook&#8217;s crypto wallet subsidiary, is looking for a different stablecoin.</li>
</ul>
","{'name': 'Stablecoins', 'url': 'https://www.theblockcrypto.com/category/stablecoins'}","[{'name': 'Stablecoins', 'slug': 'stablecoins', 'taxonomy': 'category'}]","[{'name': 'diem', 'slug': 'diem', 'taxonomy': 'post_tag'}, {'name': 'Facebook', 'slug': 'facebook', 'taxonomy': 'post_tag'}, {'name': 'PAX', 'slug': 'pax', 'taxonomy': 'post_tag'}, {'name': 'usdc', 'slug': 'usdc', 'taxonomy': 'post_tag'}]",False,False,False,False,,,"{'url': '', 'title': ''}",,,,False,,414,2 min read,"{'label': 'News', 'intro': '<h4>Quick Take</h4>\n<ul>\n<li>A months-old partnership between Silvergate and the Diem Association has apparently hit regulatory headwinds.</li>\n<li>Now Novi, Facebook&#8217;s crypto wallet subsidiary, is looking for a different stablecoin.</li>\n</ul>\n'}"
114474,https://www.theblockcrypto.com/news+/114474/how-do-ethereum-transaction-fees-work-now-that-eip-1559-is-live,daily,How do Ethereum transaction fees work now that EIP-1559 is live?,how-do-ethereum-transaction-fees-work-now-that-eip-1559-is-live,Analysis,2021-08-13T14:10:07-04:00,"August 13, 2021, 2:10PM EDT","by <a href=""https://www.theblockcrypto.com/author/tim-copeland"">Tim Copeland</a>","[{'id': 4356, 'name': 'Tim Copeland', 'thumbnail': 'https://www.tbstat.com/wp/uploads/2021/06/IMG_78071-copy1-300x300.jpg', 'url': 'https://www.theblockcrypto.com/author/tim-copeland', 'slug': 'tim-copeland'}]",https://www.tbstat.com/wp/uploads/2021/08/20210812_Ethereum_Transaction_Fees-1196x675.jpg,,,"<h4>Quick Take</h4>
<ul>
<li>Ethereum&#8217;s latest upgrade should help to make transaction fees easier to price.</li>
<li>But it comes at a cost: transaction fees are even more complicated to understand.</li>
</ul>
","Ethereum’s London upgrade changes how transaction fees are cobbled together. It's a bit confusing, so here’s a simple guide.","<h4>Quick Take</h4>
<ul>
<li>Ethereum&#8217;s latest upgrade should help to make transaction fees easier to price.</li>
<li>But it comes at a cost: transaction fees are even more complicated to understand.</li>
</ul>
","{'name': 'Ethereum', 'url': 'https://www.theblockcrypto.com/category/ethereum'}","[{'name': 'Ethereum', 'slug': 'ethereum', 'taxonomy': 'category'}]","[{'name': 'crypto payments', 'slug': 'crypto-payments', 'taxonomy': 'post_tag'}, {'name': 'eip-1559', 'slug': 'eip-1559', 'taxonomy': 'post_tag'}, {'name': 'Ethereum', 'slug': 'ethereum', 'taxonomy': 'post_tag'}, {'name': 'transaction fees', 'slug': 'transaction-fees', 'taxonomy': 'post_tag'}]",False,False,False,False,,,"{'url': '', 'title': ''}",,,,False,,1257,6 min read,"{'label': 'Analysis', 'intro': '<h4>Quick Take</h4>\n<ul>\n<li>Ethereum&#8217;s latest upgrade should help to make transaction fees easier to price.</li>\n<li>But it comes at a cost: transaction fees are even more complicated to understand.</li>\n</ul>\n'}"
114254,https://www.theblockcrypto.com/news+/114254/institutional-clients-are-pushing-nydig-and-fidelity-to-offer-more-eth-services,daily,Institutional clients are pushing NYDIG and Fidelity to offer more ETH services,institutional-clients-are-pushing-nydig-and-fidelity-to-offer-more-eth-services,Feature,2021-08-11T18:33:20-04:00,"August 11, 2021, 6:33PM EDT","by <a href=""https://www.theblockcrypto.com/author/frank-chaparro"">Frank Chaparro</a>","[{'id': 9, 'name': 'Frank Chaparro', 'thumbnail': 'https://www.tbstat.com/wp/uploads/2020/07/Frank-Chapparo@0.75x-300x300.jpg', 'url': 'https://www.theblockcrypto.com/author/frank-chaparro', 'slug': 'frank-chaparro'}]",https://www.tbstat.com/wp/uploads/2021/07/20210709_ETH_Time_Bandits-1200x675.jpg,"<span class=""acf-media-credit""><span class=""acf-credit""><span class=""acf-credit""><a href=""theblockcrypto.com"" target=""_blank"">theblock</a></span></span></span>",,"<h4>Quick Take</h4>
<ul>
<li>Ether (ETH) demand among institutions is surging.</li>
<li>That&#8217;s pushing firms like NYDIG and Fidelity to expand their services for the crypto.</li>
<li>Sources say Fidelity&#8217;s clients are increasingly asking for ETH support, while NYDIG has already been offering custody for select clients.</li>
</ul>
",Coinbase's second-quarter results showed ether (ETH) volumes surpassed bitcoin's for the first time. The backstory: institutional demand for Ethereum's native asset is growing. ,"<h4>Quick Take</h4>
<ul>
<li>Ether (ETH) demand among institutions is surging.</li>
<li>That&#8217;s pushing firms like NYDIG and Fidelity to expand their services for the crypto.</li>
<li>Sources say Fidelity&#8217;s clients are increasingly asking for ETH support, while NYDIG has already been offering custody for select clients.</li>
</ul>
","{'name': 'Institutional', 'url': 'https://www.theblockcrypto.com/category/institutional'}","[{'name': 'Ethereum', 'slug': 'ethereum', 'taxonomy': 'category'}, {'name': 'Institutional', 'slug': 'institutional', 'taxonomy': 'category'}]","[{'name': '$ETH', 'slug': 'eth', 'taxonomy': 'post_tag'}, {'name': 'coinbase', 'slug': 'coinbase', 'taxonomy': 'post_tag'}, {'name': 'ether', 'slug': 'ether', 'taxonomy': 'post_tag'}, {'name': 'Ethereum', 'slug': 'ethereum', 'taxonomy': 'post_tag'}, {'name': 'Fidelity', 'slug': 'fidelity', 'taxonomy': 'post_tag'}, {'name': 'NYDIG', 'slug': 'nydig', 'taxonomy': 'post_tag'}]",False,False,False,False,,,"{'url': '', 'title': ''}",,,,False,,658,3 min read,"{'label': 'Feature', 'intro': '<h4>Quick Take</h4>\n<ul>\n<li>Ether (ETH) demand among institutions is surging.</li>\n<li>That&#8217;s pushing firms like NYDIG and Fidelity to expand their services for the crypto.</li>\n<li>Sources say Fidelity&#8217;s clients are increasingly asking for ETH support, while NYDIG has already been offering custody for select clients.</li>\n</ul>\n'}"
119360,https://www.theblockcrypto.com/news+/119360/why-the-largest-crypto-trading-firms-are-becoming-venture-capitalists-as-well,daily,Why the largest crypto trading firms are becoming venture capitalists as well,why-the-largest-crypto-trading-firms-are-becoming-venture-capitalists-as-well,Analysis,2021-10-01T17:30:23-04:00,"October 1, 2021, 5:30PM EDT","by <a href=""https://www.theblockcrypto.com/author/frank-chaparro"">Frank Chaparro</a>","[{'id': 9, 'name': 'Frank Chaparro', 'thumbnail': 'https://www.tbstat.com/wp/uploads/2020/07/Frank-Chapparo@0.75x-300x300.jpg', 'url': 'https://www.theblockcrypto.com/author/frank-chaparro', 'slug': 'frank-chaparro'}]",https://www.tbstat.com/wp/uploads/2020/08/20200807_Crypto_Trading-Daily-1200x675.jpg,"<span class=""acf-media-credit""><span class=""acf-credit""><span class=""acf-credit""><a href=""theblockcrypto.com"" target=""_blank"">The Block</a></span></span></span>",,"<h4>Quick Take</h4>
<ul>
<li>Major crypto trading firms are expanding beyond their core capacities and more broadly into the industry.</li>
<li>GSR, Wintermute, and Jump Capital have been investing in early-stage crypto startups and projects. </li>
</ul>
","As the crypto industry matures, some market-making firms are following the lead of their traditional counterparts by investing in startups.","<h4>Quick Take</h4>
<ul>
<li>Major crypto trading firms are expanding beyond their core capacities and more broadly into the industry.</li>
<li>GSR, Wintermute, and Jump Capital have been investing in early-stage crypto startups and projects. </li>
</ul>
","{'name': 'Markets', 'url': 'https://www.theblockcrypto.com/category/markets'}","[{'name': 'Capital Markets', 'slug': 'capital-markets', 'taxonomy': 'category'}, {'name': 'Markets', 'slug': 'markets', 'taxonomy': 'category'}]","[{'name': 'gsr', 'slug': 'gsr', 'taxonomy': 'post_tag'}, {'name': 'Jump Capital', 'slug': 'jump-capital', 'taxonomy': 'post_tag'}, {'name': 'Wintermute', 'slug': 'wintermute', 'taxonomy': 'post_tag'}]",False,False,False,False,,,"{'url': '', 'title': ''}",,,,False,,598,3 min read,"{'label': 'Analysis', 'intro': '<h4>Quick Take</h4>\n<ul>\n<li>Major crypto trading firms are expanding beyond their core capacities and more broadly into the industry.</li>\n<li>GSR, Wintermute, and Jump Capital have been investing in early-stage crypto startups and projects.\xa0</li>\n</ul>\n'}"
118917,https://www.theblockcrypto.com/news+/118917/crypto-exchanges-gemini-binanceus-poised-for-multibillion-dollar-valuations-in-new-funding-rounds,daily,"Crypto exchanges Gemini, BinanceUS poised for multibillion-dollar valuations in new funding rounds",crypto-exchanges-gemini-binanceus-poised-for-multibillion-dollar-valuations-in-new-funding-rounds,Exclusive,2021-09-29T14:28:53-04:00,"September 29, 2021, 2:28PM EDT","by <a href=""https://www.theblockcrypto.com/author/frank-chaparro"">Frank Chaparro</a>","[{'id': 9, 'name': 'Frank Chaparro', 'thumbnail': 'https://www.tbstat.com/wp/uploads/2020/07/Frank-Chapparo@0.75x-300x300.jpg', 'url': 'https://www.theblockcrypto.com/author/frank-chaparro', 'slug': 'frank-chaparro'}]",https://www.tbstat.com/wp/uploads/2021/09/20210929_Gemini_Binance-1200x675.jpg,,,"<h4>Quick Take</h4>
<ul>
<li>Capital is pouring into crypto companies, particularly exchanges, propelling them to unicorn status</li>
<li>Two in-progress fundraises — Gemini and BinanceUS — speak to the state of interest in the market today</li>
</ul>
",It's raising season: some of crypto's biggest names are in the process of raising at multi-billion valuations. ,"<h4>Quick Take</h4>
<ul>
<li>Capital is pouring into crypto companies, particularly exchanges, propelling them to unicorn status</li>
<li>Two in-progress fundraises — Gemini and BinanceUS — speak to the state of interest in the market today</li>
</ul>
","{'name': 'Exchanges', 'url': 'https://www.theblockcrypto.com/category/exchanges'}","[{'name': 'Exchanges', 'slug': 'exchanges', 'taxonomy': 'category'}, {'name': 'Institutional', 'slug': 'institutional', 'taxonomy': 'category'}, {'name': 'Investments', 'slug': 'investments', 'taxonomy': 'category'}]","[{'name': 'binance', 'slug': 'binance', 'taxonomy': 'post_tag'}, {'name': 'BinanceUS', 'slug': 'binanceus', 'taxonomy': 'post_tag'}, {'name': 'FTX', 'slug': 'ftx', 'taxonomy': 'post_tag'}, {'name': 'Funding', 'slug': 'funding', 'taxonomy': 'post_tag'}, {'name': 'Gemini', 'slug': 'gemini', 'taxonomy': 'post_tag'}, {'name': 'Institutional', 'slug': 'institutional', 'taxonomy': 'post_tag'}]",False,False,False,False,,,"{'url': '', 'title': ''}",,,,False,,406,2 min read,"{'label': 'Exclusive', 'intro': '<h4>Quick Take</h4>\n<ul>\n<li>Capital is pouring into crypto companies, particularly exchanges, propelling them to unicorn status</li>\n<li>Two in-progress fundraises — Gemini and BinanceUS — speak to the state of interest in the market today</li>\n</ul>\n'}"
118930,https://www.theblockcrypto.com/news+/118930/the-industry-response-to-chinas-latest-crypto-crackdown,daily,The industry response to China’s latest crypto crackdown suggests it’s the most serious yet,the-industry-response-to-chinas-latest-crypto-crackdown,Analysis,2021-09-28T14:13:56-04:00,"September 28, 2021, 2:13PM EDT","by <a href=""https://www.theblockcrypto.com/author/wolfie-zhao"">Wolfie Zhao</a>","[{'id': 1941, 'name': 'Wolfie Zhao', 'thumbnail': 'https://www.tbstat.com/wp/uploads/2020/10/Wolfie-Zhao@0.5x-300x300.png', 'url': 'https://www.theblockcrypto.com/author/wolfie-zhao', 'slug': 'wolfie-zhao'}]",https://www.tbstat.com/wp/uploads/2021/06/20210602_China_Bitcoin_Mining_Crackdown-1196x675.jpg,,,"<h4>Quick Take</h4>
<ul>
<li>Last Friday, China&#8217;s government introduced new policies aimed at stamping out crypto trading and mining.</li>
<li>The swift, drastic responses by companies in China over the past several days suggest the latest crackdown is the most severe one yet. </li>
</ul>
",China's latest crypto crackdown is the latest in series of similar-sounding policies. But all signs suggest this one is more serious.,"<h4>Quick Take</h4>
<ul>
<li>Last Friday, China&#8217;s government introduced new policies aimed at stamping out crypto trading and mining.</li>
<li>The swift, drastic responses by companies in China over the past several days suggest the latest crackdown is the most severe one yet. </li>
</ul>
","{'name': 'China', 'url': 'https://www.theblockcrypto.com/category/china'}","[{'name': 'Asia', 'slug': 'asia', 'taxonomy': 'category'}, {'name': 'Bitcoin', 'slug': 'bitcoin', 'taxonomy': 'category'}, {'name': 'Central Bank', 'slug': 'central-bank', 'taxonomy': 'category'}, {'name': 'China', 'slug': 'china', 'taxonomy': 'category'}, {'name': 'DeFi', 'slug': 'defi', 'taxonomy': 'category'}, {'name': 'Mining', 'slug': 'mining', 'taxonomy': 'category'}]","[{'name': 'binance', 'slug': 'binance', 'taxonomy': 'post_tag'}, {'name': 'Huobi', 'slug': 'huobi', 'taxonomy': 'post_tag'}, {'name': 'Loopring', 'slug': 'loopring', 'taxonomy': 'post_tag'}, {'name': 'pboc', 'slug': 'pboc', 'taxonomy': 'post_tag'}, {'name': 'SparkPool', 'slug': 'sparkpool', 'taxonomy': 'post_tag'}]",False,False,False,False,,,"{'url': '', 'title': ''}",,,,False,,1171,6 min read,"{'label': 'Analysis', 'intro': '<h4>Quick Take</h4>\n<ul>\n<li>Last Friday, China&#8217;s government introduced new policies aimed at stamping out crypto trading and mining.</li>\n<li>The swift, drastic responses by companies in China over the past several days suggest the latest crackdown is the most severe one yet.\xa0</li>\n</ul>\n'}"
118611,https://www.theblockcrypto.com/news+/118611/a-close-look-at-phantom-solanas-take-on-metamask,daily,"A close look at Phantom, Solana’s take on MetaMask",a-close-look-at-phantom-solanas-take-on-metamask,Feature,2021-09-25T11:51:25-04:00,"September 25, 2021, 11:51AM EDT","by <a href=""https://www.theblockcrypto.com/author/tim-copeland"">Tim Copeland</a>","[{'id': 4356, 'name': 'Tim Copeland', 'thumbnail': 'https://www.tbstat.com/wp/uploads/2021/06/IMG_78071-copy1-300x300.jpg', 'url': 'https://www.theblockcrypto.com/author/tim-copeland', 'slug': 'tim-copeland'}]",https://www.tbstat.com/wp/uploads/2021/09/210923_Phantom_Solana_Logo-1200x675.jpg,"<span class=""acf-media-credit""><span class=""acf-credit""><span class=""acf-credit""><a href=""https://www.theblockcrypto.com/"" target=""_blank"">theblock</a></span></span></span>",,"<h4>Quick Take</h4>
<ul>
<li>Crypto wallet Phantom has become the de facto wallet on Solana.</li>
<li>Here&#8217;s how it has evolved, what features are coming and whether it will issue a token.</li>
</ul>
",The budding crypto wallet is struggling to match epic growth with a blockchain that’s not always online.,"<h4>Quick Take</h4>
<ul>
<li>Crypto wallet Phantom has become the de facto wallet on Solana.</li>
<li>Here&#8217;s how it has evolved, what features are coming and whether it will issue a token.</li>
</ul>
","{'name': 'Technology', 'url': 'https://www.theblockcrypto.com/category/technology'}","[{'name': 'Technology', 'slug': 'technology', 'taxonomy': 'category'}, {'name': 'Wallets', 'slug': 'wallet', 'taxonomy': 'category'}]","[{'name': 'Crypto wallets', 'slug': 'crypto-wallets', 'taxonomy': 'post_tag'}, {'name': 'MetaMask', 'slug': 'metamask', 'taxonomy': 'post_tag'}, {'name': 'Phantom', 'slug': 'phantom', 'taxonomy': 'post_tag'}, {'name': 'Solana', 'slug': 'solana', 'taxonomy': 'post_tag'}]",False,False,False,False,,,"{'url': '', 'title': ''}",,,,False,,1206,6 min read,"{'label': 'Feature', 'intro': '<h4>Quick Take</h4>\n<ul>\n<li>Crypto wallet Phantom has become the de facto wallet on Solana.</li>\n<li>Here&#8217;s how it has evolved, what features are coming and whether it will issue a token.</li>\n</ul>\n'}"
118530,https://www.theblockcrypto.com/news+/118530/home-gpu-crypto-mining-surging-china,daily,At-home GPU crypto mining is surging in China — for now,home-gpu-crypto-mining-surging-china,Feature,2021-09-24T12:55:34-04:00,"September 24, 2021, 12:55PM EDT","by <a href=""https://www.theblockcrypto.com/author/wolfie-zhao"">Wolfie Zhao</a>","[{'id': 1941, 'name': 'Wolfie Zhao', 'thumbnail': 'https://www.tbstat.com/wp/uploads/2020/10/Wolfie-Zhao@0.5x-300x300.png', 'url': 'https://www.theblockcrypto.com/author/wolfie-zhao', 'slug': 'wolfie-zhao'}]",https://www.tbstat.com/wp/uploads/2021/09/210923_GPU_China_Mining-1200x675.jpg,"<span class=""acf-media-credit""><span class=""acf-credit""><span class=""acf-credit""><a href=""https://www.theblockcrypto.com/"" target=""_blank"">theblock</a></span></span><span class=""acf-credit""></span></span>",,"<h4>Quick Take</h4>
<ul>
<li>The Block recently looked into the sales and retailer reviews for customized GPU mining cases sold by merchants on the e-commerce platform Taobao.</li>
<li>It appears a growing number of Chinese users are buying the idea of mining at home with GPUs in recent months after China&#8217;s crackdown over industrial facilities.</li>
<li>But they could face serious headwinds as Chinese government toughens up its measures.</li>
</ul>
","After China’s crypto mining crackdown this summer, it appears that at-home mining with GPUs has made a comeback over the past several months.","<h4>Quick Take</h4>
<ul>
<li>The Block recently looked into the sales and retailer reviews for customized GPU mining cases sold by merchants on the e-commerce platform Taobao.</li>
<li>It appears a growing number of Chinese users are buying the idea of mining at home with GPUs in recent months after China&#8217;s crackdown over industrial facilities.</li>
<li>But they could face serious headwinds as Chinese government toughens up its measures.</li>
</ul>
","{'name': 'Cryptocurrency', 'url': 'https://www.theblockcrypto.com/category/cryptocurrency'}","[{'name': 'Cryptocurrency', 'slug': 'cryptocurrency', 'taxonomy': 'category'}, {'name': 'Mining', 'slug': 'mining', 'taxonomy': 'category'}]","[{'name': 'ETH mining', 'slug': 'eth-mining', 'taxonomy': 'post_tag'}, {'name': 'GPU', 'slug': 'gpu', 'taxonomy': 'post_tag'}]",False,False,False,False,,,"{'url': '', 'title': ''}",,,,False,,896,4 min read,"{'label': 'Feature', 'intro': '<h4>Quick Take</h4>\n<ul>\n<li>The Block recently looked into the sales and retailer reviews for customized GPU mining cases sold by merchants on the e-commerce platform Taobao.</li>\n<li>It appears a growing number of Chinese users are buying the idea of mining at home with GPUs in recent months after China&#8217;s crackdown over industrial facilities.</li>\n<li>But they could face serious headwinds as Chinese government toughens up its measures.</li>\n</ul>\n'}"
118348,https://www.theblockcrypto.com/news+/118348/a-whos-who-behind-el-salvadors-chivo-bitcoin-wallet-project,daily,A who’s who behind El Salvador’s Chivo bitcoin wallet project,a-whos-who-behind-el-salvadors-chivo-bitcoin-wallet-project,Feature,2021-09-23T15:55:39-04:00,"September 23, 2021, 3:55PM EDT","by <a href=""https://www.theblockcrypto.com/author/kristin-majcher"">Kristin Majcher</a>","[{'id': 1740, 'name': 'Kristin Majcher', 'thumbnail': None, 'url': 'https://www.theblockcrypto.com/author/kristin-majcher', 'slug': 'kristin-majcher'}]",https://www.tbstat.com/wp/uploads/2021/09/20210917_Chivo_ATM-1200x675.jpg,"<span class=""acf-media-credit""><span class=""acf-credit""><span class=""acf-credit""><a href=""www.theblockcrypto.com"" target=""_blank"">the block</a></span></span></span>",,"<h4>Quick Take</h4>
<ul>
<li>Several foreign companies play a role in El Salvador&#8217;s Chivo wallet application, which launched on September 7.</li>
<li>Getting a full picture of the players involved has required piecing together various announcements and arguably has not been straightforward. </li>
</ul>
",Several companies are working behind the scenes on El Salvador's bitcoin project. Here's a roster of the players and their roles.,"<h4>Quick Take</h4>
<ul>
<li>Several foreign companies play a role in El Salvador&#8217;s Chivo wallet application, which launched on September 7.</li>
<li>Getting a full picture of the players involved has required piecing together various announcements and arguably has not been straightforward. </li>
</ul>
","{'name': 'Bitcoin', 'url': 'https://www.theblockcrypto.com/category/bitcoin'}","[{'name': 'Bitcoin', 'slug': 'bitcoin', 'taxonomy': 'category'}, {'name': 'Companies', 'slug': 'companies', 'taxonomy': 'category'}, {'name': 'Cryptocurrency', 'slug': 'cryptocurrency', 'taxonomy': 'category'}, {'name': 'Custody', 'slug': 'custody', 'taxonomy': 'category'}, {'name': 'Exchanges', 'slug': 'exchanges', 'taxonomy': 'category'}, {'name': 'Fintech', 'slug': 'fintech', 'taxonomy': 'category'}, {'name': 'Governance', 'slug': 'governance', 'taxonomy': 'category'}, {'name': 'Payments and Banking', 'slug': 'payments-banking', 'taxonomy': 'category'}, {'name': 'Regulation', 'slug': 'regulation', 'taxonomy': 'category'}, {'name': 'Wallets', 'slug': 'wallet', 'taxonomy': 'category'}]","[{'name': 'bitcoin', 'slug': 'bitcoin', 'taxonomy': 'post_tag'}, {'name': 'Bitcoin ATM', 'slug': 'bitcoin-atm', 'taxonomy': 'post_tag'}, {'name': 'BitGo', 'slug': 'bitgo', 'taxonomy': 'post_tag'}, {'name': 'Bitso', 'slug': 'bitso', 'taxonomy': 'post_tag'}, {'name': 'Central America', 'slug': 'central-america', 'taxonomy': 'post_tag'}, {'name': 'chivo wallet', 'slug': 'chivo-wallet', 'taxonomy': 'post_tag'}, {'name': 'El Salvador', 'slug': 'el-salvador', 'taxonomy': 'post_tag'}, {'name': 'Koibanx', 'slug': 'koibanx', 'taxonomy': 'post_tag'}, {'name': 'Nayib Bukele', 'slug': 'nayib-bukele', 'taxonomy': 'post_tag'}, {'name': 'silvergate bank', 'slug': 'silvergate-bank', 'taxonomy': 'post_tag'}, {'name': 'Silvergate exchange network', 'slug': 'silvergate-exchange-network', 'taxonomy': 'post_tag'}]",False,False,False,False,,,"{'url': '', 'title': ''}",,,,False,,1172,6 min read,"{'label': 'Feature', 'intro': '<h4>Quick Take</h4>\n<ul>\n<li>Several foreign companies play a role in El Salvador&#8217;s Chivo wallet application, which launched on September 7.</li>\n<li>Getting a full picture of the players involved has required piecing together various announcements and arguably has not been straightforward.\xa0</li>\n</ul>\n'}"
118150,https://www.theblockcrypto.com/news+/118150/ethereum-challengers-are-dangling-token-rewards-to-attract-big-name-defi-projects-and-its-working,daily,Ethereum challengers are dangling token rewards to attract big-name DeFi projects — and it’s working,ethereum-challengers-are-dangling-token-rewards-to-attract-big-name-defi-projects-and-its-working,Feature,2021-09-21T13:46:17-04:00,"September 21, 2021, 1:46PM EDT","by <a href=""https://www.theblockcrypto.com/author/ryan-weeks"">Ryan Weeks</a>","[{'id': 1855, 'name': 'Ryan Weeks', 'thumbnail': 'https://www.tbstat.com/wp/uploads/2020/12/Ryan-Weeks@0.33x-300x300.jpg', 'url': 'https://www.theblockcrypto.com/author/ryan-weeks', 'slug': 'ryan-weeks'}]",https://www.tbstat.com/wp/uploads/2021/09/20210921_DeFi_Incentive_Schemes-1200x675.jpg,"<span class=""acf-media-credit""><span class=""acf-credit""><span class=""acf-credit""><a href=""https://www.theblockcrypto.com/"" target=""_blank"">the block</a></span></span></span>",,"<h4>Quick Take</h4>
<ul>
<li><span style=""font-weight: 400;"">Seven different challenger blockchains have rolled out rewards programs for DeFi developers. </span></li>
<li><span style=""font-weight: 400;"">The incentive schemes have packed an immediate punch, but can the momentum be sustained?</span></li>
</ul>
","Seven different challenger blockchains have rolled out rewards programs for DeFi developers. The incentive schemes have packed an immediate punch, but can the momentum be sustained?","<h4>Quick Take</h4>
<ul>
<li><span style=""font-weight: 400;"">Seven different challenger blockchains have rolled out rewards programs for DeFi developers. </span></li>
<li><span style=""font-weight: 400;"">The incentive schemes have packed an immediate punch, but can the momentum be sustained?</span></li>
</ul>
","{'name': 'DeFi', 'url': 'https://www.theblockcrypto.com/category/defi'}","[{'name': 'DeFi', 'slug': 'defi', 'taxonomy': 'category'}, {'name': 'Ethereum', 'slug': 'ethereum', 'taxonomy': 'category'}]","[{'name': 'Algorand', 'slug': 'algorand', 'taxonomy': 'post_tag'}, {'name': 'Avalanche', 'slug': 'avalanche', 'taxonomy': 'post_tag'}, {'name': 'Celo', 'slug': 'celo', 'taxonomy': 'post_tag'}]",False,False,False,False,,,"{'url': '', 'title': ''}",,,,False,,1250,6 min read,"{'label': 'Feature', 'intro': '<h4>Quick Take</h4>\n<ul>\n<li><span style=""font-weight: 400;"">Seven different challenger blockchains have rolled out rewards programs for DeFi developers. </span></li>\n<li><span style=""font-weight: 400;"">The incentive schemes have packed an immediate punch, but can the momentum be sustained?</span></li>\n</ul>\n'}"
117789,https://www.theblockcrypto.com/news+/117789/former-opensea-execs-nft-trading-did-not-break-the-law-but-it-could-provoke-regulators,daily,"Former OpenSea exec's NFT trading did not break the law, but it could provoke regulators",former-opensea-execs-nft-trading-did-not-break-the-law-but-it-could-provoke-regulators,Analysis,2021-09-16T13:32:37-04:00,"September 16, 2021, 1:32PM EDT","by <a href=""https://www.theblockcrypto.com/author/frank-chaparro"">Frank Chaparro</a>","[{'id': 9, 'name': 'Frank Chaparro', 'thumbnail': 'https://www.tbstat.com/wp/uploads/2020/07/Frank-Chapparo@0.75x-300x300.jpg', 'url': 'https://www.theblockcrypto.com/author/frank-chaparro', 'slug': 'frank-chaparro'}]",https://www.tbstat.com/wp/uploads/2021/09/20210915_OpenSea-1200x675.jpg,,,"<h4>Quick Take</h4>
<ul>
<li>OpenSea says it is implementing new procedures after a now-former executive was caught trading NFTs with inside knowledge. </li>
<li>While legal sources say the actions didn&#8217;t break the law, it could draw the ire of regulators who are already applying heavy scrutiny to the industry. </li>
<li>On Thursday, OpenSea said that Nate Chastain, former head of product, had been asked to resign. </li>
</ul>
","Recently revealed trading NFT activity by Opensea head of product Nate Chastain wasn't illegal, but it could still have consequences.","<h4>Quick Take</h4>
<ul>
<li>OpenSea says it is implementing new procedures after a now-former executive was caught trading NFTs with inside knowledge. </li>
<li>While legal sources say the actions didn&#8217;t break the law, it could draw the ire of regulators who are already applying heavy scrutiny to the industry. </li>
<li>On Thursday, OpenSea said that Nate Chastain, former head of product, had been asked to resign. </li>
</ul>
","{'name': 'Regulation', 'url': 'https://www.theblockcrypto.com/category/regulation'}","[{'name': 'NFT', 'slug': 'nft', 'taxonomy': 'category'}, {'name': 'Regulation', 'slug': 'regulation', 'taxonomy': 'category'}]","[{'name': 'opensea', 'slug': 'opensea', 'taxonomy': 'post_tag'}, {'name': 'Securities and Exchange Commission', 'slug': 'securities-and-exchange-commission', 'taxonomy': 'post_tag'}]",False,False,False,False,,,"{'url': '', 'title': ''}",,,,False,,602,3 min read,"{'label': 'Analysis', 'intro': '<h4>Quick Take</h4>\n<ul>\n<li>OpenSea says it is implementing new procedures after a now-former executive was caught trading NFTs with inside knowledge.\xa0</li>\n<li>While legal sources say the actions didn&#8217;t break the law, it could draw the ire of regulators who are already applying heavy scrutiny to the industry.\xa0</li>\n<li>On Thursday, OpenSea said that Nate Chastain, former head of product, had been asked to resign.\xa0</li>\n</ul>\n'}"
117641,https://www.theblockcrypto.com/news+/117641/china-digital-yuan-smart-contract-programmable,daily,How China’s new digital yuan app makes money programmable,china-digital-yuan-smart-contract-programmable,Feature,2021-09-15T13:40:16-04:00,"September 15, 2021, 1:40PM EDT","by <a href=""https://www.theblockcrypto.com/author/wolfie-zhao"">Wolfie Zhao</a>","[{'id': 1941, 'name': 'Wolfie Zhao', 'thumbnail': 'https://www.tbstat.com/wp/uploads/2020/10/Wolfie-Zhao@0.5x-300x300.png', 'url': 'https://www.theblockcrypto.com/author/wolfie-zhao', 'slug': 'wolfie-zhao'}]",https://www.tbstat.com/wp/uploads/2021/05/20200511_11_Chinese-Digital-Yuan-App-1200x675.jpg,"<span class=""acf-media-credit""><span class=""acf-credit""><span class=""acf-credit""><a href=""https://www.theblockcrypto.com/"" target=""_blank"">The Block</a></span></span></span>",,"<h4>Quick Take</h4>
<ul>
<li>China has quietly made its standalone digital yuan mobile app available to almost 10% of the population.</li>
<li>The latest step in a long, gradual rollout of the central bank digital currency reveals how it can be programmed through smart contracts.</li>
</ul>
",China has quietly made its standalone digital yuan mobile app available to almost 10% of the population. Here's how it looks and feels.,"<h4>Quick Take</h4>
<ul>
<li>China has quietly made its standalone digital yuan mobile app available to almost 10% of the population.</li>
<li>The latest step in a long, gradual rollout of the central bank digital currency reveals how it can be programmed through smart contracts.</li>
</ul>
","{'name': 'Central Bank', 'url': 'https://www.theblockcrypto.com/category/central-bank'}","[{'name': 'Central Bank', 'slug': 'central-bank', 'taxonomy': 'category'}, {'name': 'China', 'slug': 'china', 'taxonomy': 'category'}, {'name': 'Payments and Banking', 'slug': 'payments-banking', 'taxonomy': 'category'}]","[{'name': 'CBDC', 'slug': 'cbdc', 'taxonomy': 'post_tag'}, {'name': 'China', 'slug': 'china', 'taxonomy': 'post_tag'}, {'name': 'e-cny', 'slug': 'e-cny', 'taxonomy': 'post_tag'}, {'name': 'pboc', 'slug': 'pboc', 'taxonomy': 'post_tag'}]",False,False,False,False,,,"{'url': '', 'title': ''}",,,,False,,874,4 min read,"{'label': 'Feature', 'intro': '<h4>Quick Take</h4>\n<ul>\n<li>China has quietly made its standalone digital yuan mobile app available to almost 10% of the population.</li>\n<li>The latest step in a long, gradual rollout of the central bank digital currency reveals how it can be programmed through smart contracts.</li>\n</ul>\n'}"
117334,https://www.theblockcrypto.com/news+/117334/nft-collector-vincent-van-dough-interview,daily,A conversation with the prolific and pseudonymous NFT investor Vincent Van Dough,nft-collector-vincent-van-dough-interview,Feature,2021-09-11T11:19:23-04:00,"September 11, 2021, 11:19AM EDT","by <a href=""https://www.theblockcrypto.com/author/yogita-khatri"">Yogita Khatri</a>","[{'id': 294, 'name': 'Yogita Khatri', 'thumbnail': 'https://www.tbstat.com/wp/uploads/2020/07/Yogita-Kathri@0.5x-300x300.jpg', 'url': 'https://www.theblockcrypto.com/author/yogita-khatri', 'slug': 'yogita-khatri'}]",https://www.tbstat.com/wp/uploads/2021/09/20210908_Vincent_Van_Dough-1200x675.jpg,,,"<h4>Quick Take</h4>
<ul>
<li>&#8220;Vincent Van Dough&#8221; has spent more than $20 million on NFTs. They recently also set up an NFT fund and aim to raise $100 million.</li>
<li>The Block sat down with Van Dough to find out why they are so bullish on NFTs, how they value them, and about their plans for the new fund. </li>
</ul>
","Popular NFT collector ""Vincent Van Dough"" explains why they love NFTs, how they value them, and how they envision the future of NFT art. ","<h4>Quick Take</h4>
<ul>
<li>&#8220;Vincent Van Dough&#8221; has spent more than $20 million on NFTs. They recently also set up an NFT fund and aim to raise $100 million.</li>
<li>The Block sat down with Van Dough to find out why they are so bullish on NFTs, how they value them, and about their plans for the new fund. </li>
</ul>
","{'name': 'NFT', 'url': 'https://www.theblockcrypto.com/category/nft'}","[{'name': 'NFT', 'slug': 'nft', 'taxonomy': 'category'}]","[{'name': 'Interview', 'slug': 'interview', 'taxonomy': 'post_tag'}, {'name': 'NFT collectors', 'slug': 'nft-collectors', 'taxonomy': 'post_tag'}, {'name': 'NFTs', 'slug': 'nfts', 'taxonomy': 'post_tag'}, {'name': 'Three Arrows Capital', 'slug': 'three-arrows-capital', 'taxonomy': 'post_tag'}, {'name': 'Vincent Van Dough', 'slug': 'vincent-van-dough', 'taxonomy': 'post_tag'}]",False,False,False,False,,,"{'url': '', 'title': ''}",,,,False,,1857,9 min read,"{'label': 'Feature', 'intro': '<h4>Quick Take</h4>\n<ul>\n<li>&#8220;Vincent Van Dough&#8221; has spent more than $20 million on NFTs. They recently also set up an NFT fund and aim to raise $100 million.</li>\n<li>The Block sat down with Van Dough to find out why they are so bullish on NFTs, how they value them, and about their plans for the new fund.\xa0</li>\n</ul>\n'}"
115678,https://www.theblockcrypto.com/news+/115678/how-the-crypto-industrys-very-own-pac-plans-to-decentralize-political-funding-in-2022,daily,How the crypto industry's very own PAC plans to decentralize political funding in 2022,how-the-crypto-industrys-very-own-pac-plans-to-decentralize-political-funding-in-2022,Feature,2021-08-26T12:44:09-04:00,"August 26, 2021, 12:44PM EDT","by <a href=""https://www.theblockcrypto.com/author/kollen-post"">Kollen Post</a>","[{'id': 3128, 'name': 'Kollen Post', 'thumbnail': 'https://www.tbstat.com/wp/uploads/2021/04/Kollen@0.5x-300x300.jpg', 'url': 'https://www.theblockcrypto.com/author/kollen-post', 'slug': 'kollen-post'}]",https://www.tbstat.com/wp/uploads/2021/08/20210825_HODLpac-1200x675.jpg,,,"<h4>Quick Take</h4>
<ul>
<li>With the crypto world paying closer attention to the goings-on of Washington, DC, HODLpac is trying to bridge the two. </li>
<li>HODLpac founder Tyler Whirty spoke with The Block on plans to decentralize PAC financing in time for the 2022 elections. </li>
</ul>
",HODLpac founder Tyler Whirty spoke with The Block on plans to decentralize PAC financing in time for the 2022 elections. ,"<h4>Quick Take</h4>
<ul>
<li>With the crypto world paying closer attention to the goings-on of Washington, DC, HODLpac is trying to bridge the two. </li>
<li>HODLpac founder Tyler Whirty spoke with The Block on plans to decentralize PAC financing in time for the 2022 elections. </li>
</ul>
","{'name': 'Governance', 'url': 'https://www.theblockcrypto.com/category/governance'}","[{'name': 'Governance', 'slug': 'governance', 'taxonomy': 'category'}, {'name': 'Regulation', 'slug': 'regulation', 'taxonomy': 'category'}]","[{'name': 'Campaign finance', 'slug': 'campaign-finance', 'taxonomy': 'post_tag'}, {'name': 'congress', 'slug': 'congress', 'taxonomy': 'post_tag'}, {'name': 'Funding', 'slug': 'funding', 'taxonomy': 'post_tag'}, {'name': 'PAC', 'slug': 'pac', 'taxonomy': 'post_tag'}, {'name': 'politics', 'slug': 'politics', 'taxonomy': 'post_tag'}]",False,False,False,False,,,"{'url': '', 'title': ''}",,,,False,,928,5 min read,"{'label': 'Feature', 'intro': '<h4>Quick Take</h4>\n<ul>\n<li>With the crypto world paying closer attention to the goings-on of Washington, DC, HODLpac is trying to bridge the two.\xa0</li>\n<li>HODLpac founder Tyler Whirty spoke with The Block on plans to decentralize PAC financing in time for the 2022 elections.\xa0</li>\n</ul>\n'}"
